BENETTON,€24.00,10,BE82702,http://www.brandarena.co.uk/product-details/645/benetton-sunglasses-be82702,
,,7,BE866S01,http://www.brandarena.co.uk/product-details/649/benetton-sunglasses-be86601,
CACHAREL PARIS,€27.00,10,CA7025-360,http://www.brandarena.co.uk/product-details/3827/cacharel-sunglasses-ca702536057,
,,5,CA7025-001,http://www.brandarena.co.uk/product-details/3829/cacharel-sunglasses-ca702500157,
CALVIN KLEIN,€35.00,10,CK4124-001,http://www.brandarena.co.uk/product-details/2701/calvin-klein-sunglasses-ck-4124-001,
CHLOE,€39.00,20,CL2262 C01,http://www.brandarena.co.uk/product-details/2134/chole-sunglasses-cl2262-c01-oro-chiaro,
CLAUDIA SCHIFFER,€24.00,10,3006A,http://www.brandarena.co.uk/product-details/2470/claudia-schiffer-c3006-a,
,,10,C1001B,http://www.brandarena.co.uk/product-details/2468/claudia-schiffer-c1001-b,
GUESS,€25.00,20,7121-PUCLR-3,http://www.brandarena.co.uk/product-details/1444/guess-sunglasses-gu-7121-puclr-3,
,,20,6712-RD-35,http://www.brandarena.co.uk/product-details/1446/guess-sunglasses-gu-6712-rd-35,
,,20,212-GUN,http://www.brandarena.co.uk/product-details/2280/guess-sunglasses-guf212-gun-33,
,,20,212-BLK,http://www.brandarena.co.uk/product-details/1092/guess-sunglasses-guf-212-blk-35,
,,20,212-WHT,http://www.brandarena.co.uk/product-details/1433/guess-sunglasses-guf212-wht-35,
,,20,7270-BLK,http://www.brandarena.co.uk/product-details/1089/guess-sunglasses-gu-7270-blk-35,
,,20,7246-PUR,http://www.brandarena.co.uk/product-details/1087/guess-sunglasses-gu-7246-pur-58,
JUST CAVALLI,€29.00,10,JC492-5752F,http://www.brandarena.co.uk/product-details/3322/just-cavalli-jc492s-52f-57,
,,10,JC558S-5852G,http://www.brandarena.co.uk/product-details/3331/just-cavalli-jc558s-52g-58,
,,10,JC641S-5301X,http://www.brandarena.co.uk/product-details/3344/just-cavalli-jc641s-01x-53,
PEPE JEANS,€19.00,20,PJ5086 C9,http://www.brandarena.co.uk/product-details/2753/pepe-jeans-jared-5086-c9-shiny-gungreen-5815-135,
,,20,PJ5091 C5,http://www.brandarena.co.uk/product-details/2762/pepe-jeans-adair-5091-c5-shiny-goldgreen-6114-140,
,,20,PJ5091 C2,http://www.brandarena.co.uk/product-details/2761/pepe-jeans-adair-5091-c2-shiny-gunblue-6114-140,
,,20,PJ 5091 C1,http://www.brandarena.co.uk/product-details/2760/pepe-jeans-adair-5091-c1-shiny-gun-6114-140,
